{"duration": 28436.0, "vad": {"valence": 0.5284340381622314, "arousal": 0.4885742664337158, "dominance": 0.5690659284591675}, "recorded_date": "2025-09-14"}