{"duration": 27220.0, "vad": {"valence": 0.5930887460708618, "arousal": 0.5222760438919067, "dominance": 0.5934419631958008}, "recorded_date": "2025-09-14"}