{"duration": 7636.0, "vad": {"valence": 0.5938080549240112, "arousal": 0.5512010455131531, "dominance": 0.5943583846092224}, "recorded_date": "2025-09-14"}