{"duration": 11753.0, "vad": {"valence": 0.6499078273773193, "arousal": 0.4769415855407715, "dominance": 0.5271509289741516}, "recorded_date": "2025-09-14"}