{"duration": 30121.0, "vad": {"valence": 0.5192356705665588, "arousal": 0.5024698376655579, "dominance": 0.5748363733291626}, "recorded_date": "2025-09-14"}